year,lgID,tmID,franchID,confID,divID,rank,playoff,G,W,L,T,OTL,Pts,SoW,SoL,GF,GA,name,PIM,BenchMinor,PPG,PPC,SHA,PKG,PKC,SHF
1995,NHL,ANA,ANA,WC,PC,4,,82,35,39,8,,78,,,234,247,Mighty Ducks of Anaheim,1707,22,60,426,5,81,423,10
1995,NHL,BOS,BOS,EC,NE,2,CQF,82,40,31,11,,91,,,282,269,Boston Bruins,1039,10,68,363,7,67,341,13
1995,NHL,BUF,BUF,EC,NE,5,,82,33,42,7,,73,,,247,262,Buffalo Sabres,2195,14,76,477,12,74,461,10
1995,NHL,CAL,CAL,WC,PC,2,CQF,82,34,37,11,,79,,,241,240,Calgary Flames,1524,24,71,386,9,80,402,11
1995,NHL,CHI,CHI,WC,CE,2,CSF,82,40,28,14,,94,,,273,220,Chicago Blackhawks,1880,20,63,356,7,65,447,13
1995,NHL,COL,COL,WC,PC,1,SC,82,47,25,10,,104,,,326,240,Colorado Avalanche,1536,22,86,404,22,71,439,21
1995,NHL,DAL,DAL,WC,CE,6,,82,26,42,14,,66,,,227,280,Dallas Stars,1652,12,67,443,20,82,418,8
1995,NHL,DET,DET,WC,CE,1,CF,82,62,13,7,,131,,,325,181,Detroit Red Wings,1551,18,97,455,9,44,375,17
1995,NHL,EDM,EDM,WC,PC,5,,82,30,44,8,,68,,,240,304,Edmonton Oilers,1709,12,72,452,12,80,417,10
1995,NHL,FLO,FLO,EC,AT,3,F,82,41,31,10,,92,,,254,234,Florida Panthers,1494,16,81,468,12,63,370,11
1995,NHL,HAR,CAR,EC,NE,4,,82,34,39,9,,77,,,237,259,Hartford Whalers,1844,18,67,372,9,83,429,8
1995,NHL,LAK,LAK,WC,PC,6,,82,24,40,18,,66,,,256,302,Los Angeles Kings,1460,18,72,401,18,72,381,12
1995,NHL,MTL,MTL,EC,NE,3,CQF,82,40,32,10,,90,,,265,248,Montreal Canadiens,1847,34,77,405,11,68,382,15
1995,NHL,NJD,NJD,EC,AT,6,,82,37,33,12,,86,,,215,202,New Jersey Devils,1486,4,55,368,9,49,319,11
1995,NHL,NYI,NYI,EC,AT,7,,82,22,50,10,,54,,,229,315,New York Islanders,1669,14,70,372,15,90,414,8
1995,NHL,NYR,NYR,EC,AT,2,CSF,82,41,27,14,,96,,,272,237,New York Rangers,1849,16,85,429,11,89,495,6
1995,NHL,OTT,OTT,EC,NE,6,,82,18,59,5,,41,,,191,291,Ottawa Senators,1553,16,53,430,14,83,375,6
1995,NHL,PHI,PHI,EC,AT,1,CSF,82,45,24,13,,103,,,282,208,Philadelphia Flyers,1785,20,82,417,7,62,437,12
1995,NHL,PIT,PIT,EC,NE,1,CF,82,49,29,4,,102,,,362,284,Pittsburgh Penguins,1623,12,109,420,12,78,467,18
1995,NHL,SJS,SJS,WC,PC,7,,82,20,55,7,,47,,,252,357,San Jose Sharks,1480,20,62,385,20,93,397,15
1995,NHL,STL,STL,WC,CE,4,CSF,82,32,34,16,,80,,,219,248,St. Louis Blues,1823,26,74,448,8,82,482,11
1995,NHL,TBL,TBL,EC,AT,5,CQF,82,38,32,12,,88,,,238,248,Tampa Bay Lightning,1628,14,83,400,13,68,439,6
1995,NHL,TOR,TOR,WC,CE,3,CQF,82,34,36,12,,80,,,247,252,Toronto Maple Leafs,1742,18,83,438,9,70,403,11
1995,NHL,VAN,VAN,WC,PC,3,CQF,82,32,35,15,,79,,,278,278,Vancouver Canucks,1546,18,69,411,13,78,418,18
1995,NHL,WAS,WAS,EC,AT,4,CQF,82,39,32,11,,89,,,234,204,Washington Capitals,1553,14,63,403,7,67,385,12
1995,NHL,WIN,PHO,WC,CE,5,CQF,82,36,40,6,,78,,,275,291,Winnipeg Jets,1622,18,82,417,12,88,430,10
1996,NHL,ANA,ANA,WC,PC,2,CSF,82,36,33,13,,85,,,245,233,Mighty Ducks of Anaheim,1710,22,56,333,11,62,336,9
1996,NHL,BOS,BOS,EC,NE,6,,82,26,47,9,,61,,,234,300,Boston Bruins,1369,4,46,310,6,56,308,15
1996,NHL,BUF,BUF,EC,NE,1,CSF,82,40,30,12,,92,,,237,208,Buffalo Sabres,1840,12,43,326,4,59,364,16
1996,NHL,CAL,CAL,WC,PC,5,,82,32,41,9,,73,,,214,239,Calgary Flames,1444,16,61,361,19,58,345,11
1996,NHL,CHI,CHI,WC,CE,5,CQF,82,34,35,13,,81,,,223,210,Chicago Blackhawks,1763,14,45,304,9,59,374,5
1996,NHL,COL,COL,WC,PC,1,CF,82,49,24,9,,107,,,277,205,Colorado Avalanche,1361,24,83,403,12,42,339,14
1996,NHL,DAL,DAL,WC,CE,1,CQF,82,48,26,8,,104,,,252,198,Dallas Stars,1325,10,46,314,9,51,308,11
1996,NHL,DET,DET,WC,CE,2,SC,82,38,26,18,,94,,,253,197,Detroit Red Wings,1582,12,66,368,8,46,346,10
1996,NHL,EDM,EDM,WC,PC,3,CSF,82,36,37,9,,81,,,252,247,Edmonton Oilers,1368,18,73,406,13,59,338,9
1996,NHL,FLO,FLO,EC,AT,3,CQF,82,35,28,19,,89,,,221,201,Florida Panthers,1628,20,50,352,17,50,346,5
1996,NHL,HAR,CAR,EC,NE,5,,82,32,39,11,,75,,,226,256,Hartford Whalers,1513,18,58,321,11,51,332,12
1996,NHL,LAK,LAK,WC,PC,6,,82,28,43,11,,67,,,214,268,Los Angeles Kings,1638,8,46,338,14,45,352,5
1996,NHL,MTL,MTL,EC,NE,4,CQF,82,31,36,15,,77,,,249,276,Montreal Canadiens,1469,24,53,337,11,71,347,10
1996,NHL,NJD,NJD,EC,AT,1,CSF,82,45,23,14,,104,,,231,182,New Jersey Devils,1135,4,40,288,9,28,235,4
1996,NHL,NYI,NYI,EC,AT,7,,82,29,41,12,,70,,,240,250,New York Islanders,1640,18,48,346,9,53,319,14
1996,NHL,NYR,NYR,EC,AT,4,CF,82,38,34,10,,86,,,258,231,New York Rangers,1481,14,63,287,5,69,344,15
1996,NHL,OTT,OTT,EC,NE,3,CQF,82,31,36,15,,77,,,226,234,Ottawa Senators,1087,10,56,336,12,48,265,9
1996,NHL,PHI,PHI,EC,AT,2,F,82,45,24,13,,103,,,274,217,Philadelphia Flyers,1699,8,53,362,8,49,342,11
1996,NHL,PHO,PHO,WC,CE,3,CQF,82,38,37,7,,83,,,240,243,Phoenix Coyotes,1582,16,65,359,14,47,334,9
1996,NHL,PIT,PIT,EC,NE,2,CQF,82,38,36,8,,84,,,285,280,Pittsburgh Penguins,1498,12,74,339,12,64,338,11
1996,NHL,SJS,SJS,WC,PC,7,,82,27,47,8,,62,,,211,278,San Jose Sharks,2085,6,50,349,11,66,409,9
1996,NHL,STL,STL,WC,CE,4,CQF,82,36,35,11,,83,,,236,239,St. Louis Blues,1336,24,50,327,8,55,332,9
1996,NHL,TBL,TBL,EC,AT,6,,82,32,40,10,,74,,,217,247,Tampa Bay Lightning,1686,10,47,340,9,55,361,13
1996,NHL,TOR,TOR,WC,CE,6,,82,30,44,8,,68,,,230,273,Toronto Maple Leafs,1331,12,48,309,8,59,328,11
1996,NHL,VAN,VAN,WC,PC,4,,82,35,40,7,,77,,,257,273,Vancouver Canucks,1607,22,51,303,8,66,344,12
1996,NHL,WAS,WAS,EC,AT,5,,82,33,40,9,,75,,,214,231,Washington Capitals,1652,28,51,322,10,54,354,8
1997,NHL,ANA,ANA,WC,PC,6,,82,26,43,13,,65,,,205,261,Mighty Ducks of Anaheim,1843,10,46,392,10,72,396,9
1997,NHL,BOS,BOS,EC,NE,2,CQF,82,39,30,13,,91,,,221,194,Boston Bruins,1117,12,62,359,3,44,285,5
1997,NHL,BUF,BUF,EC,NE,3,CF,82,36,29,17,,89,,,211,187,Buffalo Sabres,1768,16,51,396,12,65,413,15
1997,NHL,CAL,CAL,WC,PC,5,,82,26,41,15,,67,,,217,252,Calgary Flames,1859,10,43,356,13,69,430,18
1997,NHL,CAR,CAR,EC,NE,6,,82,33,41,8,,74,,,200,219,Carolina Hurricanes,1455,12,50,378,10,58,391,8
1997,NHL,CHI,CHI,WC,CE,5,,82,30,39,13,,73,,,192,199,Chicago Blackhawks,1546,12,47,364,5,58,381,13
1997,NHL,COL,COL,WC,PC,1,CQF,82,39,26,17,,95,,,231,205,Colorado Avalanche,1729,24,74,425,12,53,410,8
1997,NHL,DAL,DAL,WC,CE,1,CF,82,49,22,11,,109,,,242,167,Dallas Stars,1301,14,77,385,9,42,351,11
1997,NHL,DET,DET,WC,CE,2,SC,82,44,23,15,,103,,,250,196,Detroit Red Wings,1346,12,67,381,7,51,376,8
1997,NHL,EDM,EDM,WC,PC,3,CSF,82,35,37,10,,80,,,215,224,Edmonton Oilers,1690,10,77,483,11,66,406,10
1997,NHL,FLO,FLO,EC,AT,6,,82,24,43,15,,63,,,203,256,Florida Panthers,1676,20,55,409,16,82,403,12
1997,NHL,LAK,LAK,WC,PC,2,CQF,82,38,33,11,,87,,,227,225,Los Angeles Kings,1763,22,52,366,12,63,399,10
1997,NHL,MTL,MTL,EC,NE,4,CSF,82,37,32,13,,87,,,235,208,Montreal Canadiens,1547,16,68,372,8,62,401,13
1997,NHL,NJD,NJD,EC,AT,1,CQF,82,48,23,11,,107,,,225,166,New Jersey Devils,1488,8,63,333,9,41,309,4
1997,NHL,NYI,NYI,EC,AT,4,,82,30,41,11,,71,,,212,225,New York Islanders,1646,10,61,364,16,54,384,11
1997,NHL,NYR,NYR,EC,AT,5,,82,25,39,18,,68,,,197,231,New York Rangers,1548,12,62,351,13,55,376,0
1997,NHL,OTT,OTT,EC,NE,5,CSF,82,34,33,15,,83,,,193,200,Ottawa Senators,1091,14,48,375,9,47,303,6
1997,NHL,PHI,PHI,EC,AT,2,CQF,82,42,29,11,,95,,,242,193,Philadelphia Flyers,1766,18,71,399,9,51,382,7
1997,NHL,PHO,PHO,WC,CE,4,CQF,82,35,35,12,,82,,,224,227,Phoenix Coyotes,1602,20,57,384,6,66,408,10
1997,NHL,PIT,PIT,EC,NE,1,CQF,82,40,24,18,,98,,,228,188,Pittsburgh Penguins,1225,10,67,407,16,46,338,11
1997,NHL,SJS,SJS,WC,PC,4,CQF,82,34,38,10,,78,,,210,216,San Jose Sharks,1417,20,54,400,5,59,398,10
1997,NHL,STL,STL,WC,CE,3,CSF,82,45,29,8,,98,,,256,204,St. Louis Blues,1414,8,62,368,4,49,367,12
1997,NHL,TBL,TBL,EC,AT,7,,82,17,55,10,,44,,,151,269,Tampa Bay Lightning,1823,12,33,353,16,72,410,11
1997,NHL,TOR,TOR,WC,CE,6,,82,30,43,9,,69,,,194,237,Toronto Maple Leafs,1481,6,41,359,13,50,372,5
1997,NHL,VAN,VAN,WC,PC,7,,82,25,43,14,,64,,,224,273,Vancouver Canucks,2166,18,48,373,12,77,432,19
1997,NHL,WAS,WAS,EC,AT,3,F,82,40,30,12,,92,,,219,202,Washington Capitals,1198,2,55,350,4,39,361,14
1998,NHL,ANA,ANA,WC,PC,3,CQF,82,35,34,13,,83,,,215,206,Mighty Ducks of Anaheim,1323,14,83,378,7,60,387,6
1998,NHL,BOS,BOS,EC,NE,3,CSF,82,39,30,13,,91,,,214,181,Boston Bruins,1182,6,65,368,9,33,305,3
1998,NHL,BUF,BUF,EC,NE,4,F,82,37,28,17,,91,,,207,175,Buffalo Sabres,1561,16,49,363,7,55,399,6
1998,NHL,CAL,CAL,WC,NW,3,,82,30,40,12,,72,,,211,234,Calgary Flames,1389,8,51,357,6,78,386,12
1998,NHL,CAR,CAR,EC,SE,1,CQF,82,34,30,18,,86,,,210,202,Carolina Hurricanes,1158,10,42,382,6,51,346,5
1998,NHL,CHI,CHI,WC,CE,3,,82,29,41,12,,70,,,202,248,Chicago Blackhawks,1807,8,50,335,10,80,405,8
1998,NHL,COL,COL,WC,NW,1,CF,82,44,28,10,,98,,,239,205,Colorado Avalanche,1619,14,71,375,12,63,386,7
1998,NHL,DAL,DAL,WC,PC,1,SC,82,51,19,12,,114,,,236,168,Dallas Stars,1108,8,74,393,4,43,319,6
1998,NHL,DET,DET,WC,CE,1,CSF,82,43,32,7,,93,,,245,202,Detroit Red Wings,1202,10,67,415,7,45,355,14
1998,NHL,EDM,EDM,WC,NW,2,CQF,82,33,37,12,,78,,,230,226,Edmonton Oilers,1373,12,63,438,10,67,374,8
1998,NHL,FLO,FLO,EC,SE,2,,82,30,34,18,,78,,,210,228,Florida Panthers,1522,18,51,380,11,67,370,10
1998,NHL,LAK,LAK,WC,PC,5,,82,32,45,5,,69,,,189,222,Los Angeles Kings,1383,14,43,327,11,47,330,12
1998,NHL,MTL,MTL,EC,NE,5,,82,32,39,11,,75,,,184,209,Montreal Canadiens,1299,14,50,344,10,44,344,8
1998,NHL,NAS,NAS,WC,CE,4,,82,28,47,7,,63,,,190,261,Nashville Predators,1420,14,40,324,10,75,357,7
1998,NHL,NJD,NJD,EC,AT,1,CQF,82,47,24,11,,105,,,248,196,New Jersey Devils,1355,14,60,304,5,47,325,7
1998,NHL,NYI,NYI,EC,AT,5,,82,24,48,10,,58,,,194,244,New York Islanders,1111,22,54,341,7,60,363,8
1998,NHL,NYR,NYR,EC,AT,4,,82,33,38,11,,77,,,217,227,New York Rangers,1087,14,71,348,9,48,336,7
1998,NHL,OTT,OTT,EC,NE,1,CQF,82,44,23,15,,103,,,239,179,Ottawa Senators,892,12,59,397,13,44,317,6
1998,NHL,PHI,PHI,EC,AT,2,CQF,82,37,26,19,,93,,,231,196,Philadelphia Flyers,1075,12,65,386,7,53,333,4
1998,NHL,PHO,PHO,WC,PC,2,CQF,82,39,31,12,,90,,,205,197,Phoenix Coyotes,1412,12,41,342,5,45,348,8
1998,NHL,PIT,PIT,EC,AT,3,CSF,82,38,30,14,,90,,,242,225,Pittsburgh Penguins,977,12,65,363,14,56,302,10
1998,NHL,SJS,SJS,WC,PC,4,CQF,82,31,33,18,,80,,,196,191,San Jose Sharks,1423,10,53,399,4,61,407,8
1998,NHL,STL,STL,WC,CE,2,CSF,82,37,32,13,,87,,,237,209,St. Louis Blues,1308,6,61,301,4,47,387,7
1998,NHL,TBL,TBL,EC,SE,4,,82,19,54,9,,47,,,179,292,Tampa Bay Lightning,1316,10,43,310,10,68,387,11
1998,NHL,TOR,TOR,EC,NE,2,CF,82,45,30,7,,97,,,268,231,Toronto Maple Leafs,1095,16,53,367,6,64,325,7
1998,NHL,VAN,VAN,WC,NW,4,,82,23,47,12,,58,,,192,258,Vancouver Canucks,1764,16,57,358,9,77,450,17
1998,NHL,WAS,WAS,EC,SE,3,,82,31,45,6,,68,,,200,218,Washington Capitals,1381,6,52,301,7,55,353,8
1999,NHL,ANA,ANA,WC,PC,5,,82,34,33,12,3,83,,,217,227,Mighty Ducks of Anaheim,926,8,55,332,8,62,296,4
1999,NHL,ATL,WPG,EC,SE,5,,82,14,57,7,4,39,,,170,313,Atlanta Thrashers,1422,16,44,348,13,76,386,6
1999,NHL,BOS,BOS,EC,NE,5,,82,24,33,19,6,73,,,210,248,Boston Bruins,865,6,51,355,4,55,268,0
1999,NHL,BUF,BUF,EC,NE,3,CQF,82,35,32,11,4,85,,,213,204,Buffalo Sabres,1173,10,37,351,10,54,361,8
1999,NHL,CAL,CAL,WC,NW,4,,82,31,36,10,5,77,,,211,256,Calgary Flames,1267,8,59,330,8,74,365,4
1999,NHL,CAR,CAR,EC,SE,3,,82,37,35,10,0,84,,,217,216,Carolina Hurricanes,799,4,58,342,7,40,253,3
1999,NHL,CHI,CHI,WC,CE,3,,82,33,37,10,2,78,,,242,245,Chicago Blackhawks,1444,20,52,325,13,58,355,10
1999,NHL,COL,COL,WC,NW,1,CF,82,42,28,11,1,96,,,233,201,Colorado Avalanche,1118,18,59,302,7,52,335,3
1999,NHL,DAL,DAL,WC,PC,1,F,82,43,23,10,6,102,,,211,184,Dallas Stars,1029,12,54,343,9,33,307,9
1999,NHL,DET,DET,WC,CE,2,CSF,82,48,22,10,2,108,,,278,210,Detroit Red Wings,1014,20,69,338,6,44,311,15
1999,NHL,EDM,EDM,WC,NW,2,CQF,82,32,26,16,8,88,,,226,212,Edmonton Oilers,1344,16,53,336,4,54,369,9
1999,NHL,FLO,FLO,EC,SE,2,CQF,82,43,27,6,6,98,,,244,209,Florida Panthers,1329,18,58,338,8,47,323,2
1999,NHL,LAK,LAK,WC,PC,2,CQF,82,39,27,12,4,94,,,245,228,Los Angeles Kings,1313,4,60,356,12,66,373,4
1999,NHL,MTL,MTL,EC,NE,4,,82,35,34,9,4,83,,,196,194,Montreal Canadiens,1067,14,54,323,8,40,302,7
1999,NHL,NAS,NAS,WC,CE,4,,82,28,40,7,7,70,,,199,240,Nashville Predators,946,14,41,304,11,46,309,9
1999,NHL,NJD,NJD,EC,AT,2,SC,82,45,24,8,5,103,,,251,203,New Jersey Devils,1313,22,55,274,9,39,313,9
1999,NHL,NYI,NYI,EC,AT,5,,82,24,48,9,1,58,,,194,275,New York Islanders,1376,8,45,319,8,84,419,8
1999,NHL,NYR,NYR,EC,AT,4,,82,29,38,12,3,73,,,218,246,New York Rangers,916,4,55,325,9,49,292,5
1999,NHL,OTT,OTT,EC,NE,2,CQF,82,41,28,11,2,95,,,244,210,Ottawa Senators,850,14,52,310,8,34,273,6
1999,NHL,PHI,PHI,EC,AT,1,CF,82,45,22,12,3,105,,,237,179,Philadelphia Flyers,1233,8,69,340,7,42,316,7
1999,NHL,PHO,PHO,WC,PC,3,CQF,82,39,31,8,4,90,,,232,228,Phoenix Coyotes,940,12,37,310,7,43,306,14
1999,NHL,PIT,PIT,EC,AT,3,CSF,82,37,31,8,6,88,,,241,236,Pittsburgh Penguins,1221,16,54,346,11,56,321,7
1999,NHL,SJS,SJS,WC,PC,4,CSF,82,35,30,10,7,87,,,225,214,San Jose Sharks,1292,6,62,377,4,61,372,16
1999,NHL,STL,STL,WC,CE,1,CQF,82,51,19,11,1,114,,,248,165,St. Louis Blues,1139,22,61,342,3,42,345,13
1999,NHL,TBL,TBL,EC,SE,4,,82,19,47,9,7,54,,,204,310,Tampa Bay Lightning,1733,20,51,365,7,77,399,9
1999,NHL,TOR,TOR,EC,NE,1,CSF,82,45,27,7,3,100,,,246,222,Toronto Maple Leafs,1103,12,57,321,5,58,330,11
1999,NHL,VAN,VAN,WC,NW,3,,82,30,29,15,8,83,,,227,237,Vancouver Canucks,1047,22,51,323,7,63,322,9
1999,NHL,WAS,WAS,EC,SE,1,CQF,82,44,24,12,2,102,,,227,194,Washington Capitals,994,14,43,286,3,47,340,9
2000,NHL,ANA,ANA,WC,PC,5,,82,25,41,11,5,66,,,188,245,Mighty Ducks of Anaheim,1136,12,66,373,13,71,390,6
2000,NHL,ATL,WPG,EC,SE,4,,82,23,45,12,2,60,,,211,289,Atlanta Thrashers,1500,6,54,395,8,90,408,9
2000,NHL,BOS,BOS,EC,NE,4,,82,36,30,8,8,88,,,227,249,Boston Bruins,1325,18,64,390,7,65,377,8
2000,NHL,BUF,BUF,EC,NE,2,CSF,82,46,30,5,1,98,,,218,184,Buffalo Sabres,1249,8,60,373,5,40,334,6
2000,NHL,CAL,CAL,WC,NW,4,,82,27,36,15,4,73,,,197,236,Calgary Flames,1376,14,65,435,11,76,378,3
2000,NHL,CAR,CAR,EC,SE,2,CQF,82,38,32,9,3,88,,,212,225,Carolina Hurricanes,1083,10,72,382,16,45,351,6
2000,NHL,CBS,CBS,WC,CE,5,,82,28,39,9,6,71,,,190,233,Columbus Blue Jackets,1234,20,56,381,8,70,363,3
2000,NHL,CHI,CHI,WC,CE,4,,82,29,40,8,5,71,,,210,246,Chicago Blackhawks,1001,24,41,318,12,52,323,15
2000,NHL,COL,COL,WC,NW,1,SC,82,52,16,10,4,118,,,270,192,Colorado Avalanche,1138,16,80,363,11,59,342,11
2000,NHL,DAL,DAL,WC,PC,1,CSF,82,48,24,8,2,106,,,241,187,Dallas Stars,1041,10,72,367,7,49,355,7
2000,NHL,DET,DET,WC,CE,1,CQF,82,49,20,9,4,111,,,253,202,Detroit Red Wings,1082,20,85,384,7,55,385,10
2000,NHL,EDM,EDM,WC,NW,2,CQF,82,39,28,12,3,93,,,243,222,Edmonton Oilers,1287,10,59,398,4,62,382,13
2000,NHL,FLO,FLO,EC,SE,3,,82,22,38,13,9,66,,,200,246,Florida Panthers,1509,10,46,353,13,64,398,8
2000,NHL,LAK,LAK,WC,PC,3,CSF,82,38,28,13,3,92,,,252,228,Los Angeles Kings,1196,20,71,367,6,72,382,14
2000,NHL,MIN,MIN,WC,NW,5,,82,25,39,13,5,68,,,168,210,Minnesota Wild,1200,26,36,374,14,57,373,13
2000,NHL,MTL,MTL,EC,NE,5,,82,28,40,8,6,70,,,206,232,Montreal Canadiens,1020,18,68,421,3,60,337,5
2000,NHL,NAS,NAS,WC,CE,3,,82,34,36,9,3,80,,,186,200,Nashville Predators,944,8,51,361,4,49,331,7
2000,NHL,NJD,NJD,EC,AT,1,F,82,48,19,12,3,111,,,295,195,New Jersey Devils,1235,18,71,310,6,49,320,9
2000,NHL,NYI,NYI,EC,AT,5,,82,21,51,7,3,52,,,185,268,New York Islanders,1339,14,51,386,14,79,445,9
2000,NHL,NYR,NYR,EC,AT,4,,82,33,43,5,1,72,,,250,290,New York Rangers,1522,18,65,363,12,86,400,16
2000,NHL,OTT,OTT,EC,NE,1,CQF,82,48,21,9,4,109,,,274,205,Ottawa Senators,1062,10,71,381,5,49,361,10
2000,NHL,PHI,PHI,EC,AT,2,CQF,82,43,25,11,3,100,,,240,207,Philadelphia Flyers,1183,8,55,350,9,55,314,11
2000,NHL,PHO,PHO,WC,PC,4,,82,35,27,17,3,90,,,214,212,Phoenix Coyotes,1337,12,57,343,6,64,432,9
2000,NHL,PIT,PIT,EC,AT,3,CF,82,42,28,9,3,96,,,281,256,Pittsburgh Penguins,1585,12,76,375,11,78,405,7
2000,NHL,SJS,SJS,WC,PC,2,CQF,82,40,27,12,3,95,,,217,192,San Jose Sharks,1364,10,57,406,10,61,441,8
2000,NHL,STL,STL,WC,CE,2,CF,82,43,22,12,5,103,,,249,195,St. Louis Blues,1345,14,72,385,7,57,389,15
2000,NHL,TBL,TBL,EC,SE,5,,82,24,47,6,5,59,,,201,280,Tampa Bay Lightning,1404,20,53,424,11,72,422,9
2000,NHL,TOR,TOR,EC,NE,3,CSF,82,37,29,11,5,90,,,232,207,Toronto Maple Leafs,1430,6,57,355,9,55,366,2
2000,NHL,VAN,VAN,WC,NW,3,CQF,82,36,28,11,7,90,,,239,238,Vancouver Canucks,1113,22,71,416,11,74,387,12
2000,NHL,WAS,WAS,EC,SE,1,CQF,82,41,27,10,4,96,,,233,211,Washington Capitals,1141,10,75,353,7,62,391,6
2001,NHL,ANA,ANA,WC,PC,5,,82,29,42,8,3,69,,,175,198,Mighty Ducks of Anaheim,1254,14,43,373,9,46,330,4
2001,NHL,ATL,WPG,EC,SE,5,,82,19,47,11,5,54,,,187,288,Atlanta Thrashers,1290,22,37,306,12,65,358,3
2001,NHL,BOS,BOS,EC,NE,1,CQF,82,43,24,6,9,101,,,236,201,Boston Bruins,1454,12,39,283,5,45,348,14
2001,NHL,BUF,BUF,EC,NE,5,,82,35,35,11,1,82,,,213,200,Buffalo Sabres,1217,16,50,374,6,41,304,7
2001,NHL,CAL,CAL,WC,NW,4,,82,32,35,12,3,79,,,201,220,Calgary Flames,1586,12,55,364,5,66,356,10
2001,NHL,CAR,CAR,EC,SE,1,F,82,35,26,16,5,91,,,217,217,Carolina Hurricanes,1022,12,63,390,11,54,332,4
2001,NHL,CBS,CBS,WC,CE,5,,82,22,47,8,5,57,,,164,255,Columbus Blue Jackets,1198,14,50,356,8,52,306,3
2001,NHL,CHI,CHI,WC,CE,3,CQF,82,41,27,13,1,96,,,216,207,Chicago Blackhawks,1234,10,54,302,2,63,340,4
2001,NHL,COL,COL,WC,NW,1,CF,82,45,28,8,1,99,,,212,169,Colorado Avalanche,1007,10,62,344,7,41,315,7
2001,NHL,DAL,DAL,WC,PC,4,,82,36,28,13,5,90,,,215,213,Dallas Stars,959,12,60,350,8,59,319,7
2001,NHL,DET,DET,WC,CE,1,SC,82,51,17,10,4,116,,,251,187,Detroit Red Wings,1053,10,73,359,7,48,343,9
2001,NHL,EDM,EDM,WC,NW,3,,82,38,28,12,4,92,,,205,182,Edmonton Oilers,1267,6,51,333,7,50,348,12
2001,NHL,FLO,FLO,EC,SE,4,,82,22,44,10,6,60,,,180,250,Florida Panthers,1994,26,50,341,7,76,393,8
2001,NHL,LAK,LAK,WC,PC,3,CQF,82,40,27,11,4,95,,,214,190,Los Angeles Kings,1348,16,73,353,6,49,366,5
2001,NHL,MIN,MIN,WC,NW,5,,82,26,35,12,9,73,,,195,238,Minnesota Wild,1209,16,55,373,9,62,362,11
2001,NHL,MTL,MTL,EC,NE,4,CSF,82,36,31,12,3,87,,,207,209,Montreal Canadiens,974,24,45,301,4,38,276,7
2001,NHL,NAS,NAS,WC,CE,4,,82,28,41,13,0,69,,,196,230,Nashville Predators,1071,20,48,337,8,50,354,6
2001,NHL,NJD,NJD,EC,AT,3,CQF,82,41,28,9,4,95,,,205,187,New Jersey Devils,1010,18,44,261,8,43,264,2
2001,NHL,NYI,NYI,EC,AT,2,CQF,82,42,28,8,4,96,,,239,220,New York Islanders,1255,14,59,363,10,52,366,17
2001,NHL,NYR,NYR,EC,AT,4,,82,36,38,4,4,80,,,227,258,New York Rangers,1753,10,48,326,5,80,398,8
2001,NHL,OTT,OTT,EC,NE,3,CSF,82,39,27,9,7,94,,,243,208,Ottawa Senators,1347,16,55,331,5,48,307,11
2001,NHL,PHI,PHI,EC,AT,1,CQF,82,42,27,10,3,97,,,234,192,Philadelphia Flyers,1242,16,39,299,10,40,293,8
2001,NHL,PHO,PHO,WC,PC,2,CQF,82,40,27,9,6,95,,,228,210,Phoenix Coyotes,1154,16,53,341,6,60,356,8
2001,NHL,PIT,PIT,EC,AT,5,,82,28,41,8,5,69,,,198,249,Pittsburgh Penguins,1248,16,47,335,10,57,352,5
2001,NHL,SJS,SJS,WC,PC,1,CSF,82,44,27,8,3,99,,,248,199,San Jose Sharks,1249,8,59,368,6,54,380,15
2001,NHL,STL,STL,WC,CE,2,CSF,82,43,27,8,4,98,,,227,188,St. Louis Blues,1343,26,62,356,7,56,379,5
2001,NHL,TBL,TBL,EC,SE,3,,82,27,40,11,4,69,,,178,219,Tampa Bay Lightning,1072,22,46,311,9,40,273,6
2001,NHL,TOR,TOR,EC,NE,2,CF,82,43,25,10,4,100,,,249,207,Toronto Maple Leafs,1212,12,54,349,6,51,328,9
2001,NHL,VAN,VAN,WC,NW,2,CQF,82,42,30,7,3,94,,,254,211,Vancouver Canucks,1342,28,69,372,9,57,379,3
2001,NHL,WAS,WAS,EC,SE,2,,82,36,33,11,2,85,,,228,240,Washington Capitals,1043,6,58,299,8,58,325,2
2002,NHL,ANA,ANA,WC,PC,2,F,82,40,27,9,6,95,,,203,193,Mighty Ducks of Anaheim,954,20,56,348,5,42,333,8
2002,NHL,ATL,WPG,EC,SE,3,,82,31,39,7,5,74,,,226,284,Atlanta Thrashers,1253,26,64,371,14,65,355,8
2002,NHL,BOS,BOS,EC,NE,3,CQF,82,36,31,11,4,87,,,245,237,Boston Bruins,1370,24,59,325,11,65,375,10
2002,NHL,BUF,BUF,EC,NE,5,,82,27,37,10,8,72,,,190,219,Buffalo Sabres,1276,30,51,354,11,53,363,8
2002,NHL,CAL,CAL,WC,NW,5,,82,29,36,13,4,75,,,186,228,Calgary Flames,1391,22,47,389,10,65,389,5
2002,NHL,CAR,CAR,EC,SE,5,,82,22,43,11,6,61,,,171,240,Carolina Hurricanes,1208,16,58,420,9,71,392,6
2002,NHL,CBS,CBS,WC,CE,5,,82,29,42,8,3,69,,,213,263,Columbus Blue Jackets,1505,28,71,410,9,60,409,12
2002,NHL,CHI,CHI,WC,CE,3,,82,30,33,13,6,79,,,207,226,Chicago Blackhawks,1189,30,39,308,8,56,369,8
2002,NHL,COL,COL,WC,NW,1,CQF,82,42,19,13,8,105,,,251,194,Colorado Avalanche,1084,24,68,363,6,63,359,5
2002,NHL,DAL,DAL,WC,PC,1,CSF,82,46,17,15,4,111,,,245,169,Dallas Stars,1166,28,62,327,6,50,346,9
2002,NHL,DET,DET,WC,CE,1,CQF,82,48,20,10,4,110,,,269,203,Detroit Red Wings,1214,26,76,319,4,55,377,11
2002,NHL,EDM,EDM,WC,NW,4,CQF,82,36,26,11,9,92,,,231,230,Edmonton Oilers,1203,16,56,386,8,61,351,13
2002,NHL,FLO,FLO,EC,SE,4,,82,24,36,13,9,70,,,176,237,Florida Panthers,1127,26,49,347,9,66,356,7
2002,NHL,LAK,LAK,WC,PC,3,,82,33,37,6,6,78,,,203,221,Los Angeles Kings,1146,50,52,354,4,62,371,8
2002,NHL,MIN,MIN,WC,NW,3,CF,82,42,29,10,1,95,,,198,178,Minnesota Wild,1063,28,52,366,5,43,308,9
2002,NHL,MTL,MTL,EC,NE,4,,82,30,35,8,9,77,,,206,234,Montreal Canadiens,900,22,44,315,6,58,317,2
2002,NHL,NAS,NAS,WC,CE,4,,82,27,35,13,7,74,,,183,206,Nashville Predators,969,20,58,418,8,61,353,2
2002,NHL,NJD,NJD,EC,AT,1,SC,82,46,20,10,6,108,,,216,166,New Jersey Devils,938,18,36,303,4,32,264,7
2002,NHL,NYI,NYI,EC,AT,3,CQF,82,35,34,11,2,83,,,224,231,New York Islanders,1244,30,58,384,5,67,405,12
2002,NHL,NYR,NYR,EC,AT,4,,82,32,36,10,4,78,,,210,231,New York Rangers,1308,14,55,339,8,73,388,8
2002,NHL,OTT,OTT,EC,NE,1,CF,82,52,21,8,1,113,,,263,182,Ottawa Senators,1135,22,83,391,8,50,332,4
2002,NHL,PHI,PHI,EC,AT,2,CSF,82,45,20,13,4,107,,,211,166,Philadelphia Flyers,1003,30,47,328,8,50,338,8
2002,NHL,PHO,PHO,WC,PC,4,,82,31,35,11,5,78,,,204,230,Phoenix Coyotes,1433,24,55,385,11,77,412,4
2002,NHL,PIT,PIT,EC,AT,5,,82,27,44,6,5,65,,,189,255,Pittsburgh Penguins,1125,32,66,360,10,58,352,3
2002,NHL,SJS,SJS,WC,PC,5,,82,28,37,9,8,73,,,214,239,San Jose Sharks,1112,30,68,375,10,68,358,5
2002,NHL,STL,STL,WC,CE,2,CQF,82,41,24,11,6,99,,,253,222,St. Louis Blues,1618,16,80,391,7,71,389,11
2002,NHL,TBL,TBL,EC,SE,1,CSF,82,36,25,16,5,93,,,219,210,Tampa Bay Lightning,1079,30,70,391,5,55,316,6
2002,NHL,TOR,TOR,EC,NE,2,CQF,82,44,28,7,3,98,,,236,208,Toronto Maple Leafs,1390,22,63,359,7,56,426,11
2002,NHL,VAN,VAN,WC,NW,2,CSF,82,45,23,13,1,104,,,264,208,Vancouver Canucks,1178,36,87,419,10,62,389,12
2002,NHL,WAS,WAS,EC,SE,2,CQF,82,39,29,8,6,92,,,224,220,Washington Capitals,1268,22,57,331,4,72,384,8
2003,NHL,ANA,ANA,WC,PC,4,,82,29,35,10,8,76,,,184,213,Mighty Ducks of Anaheim,1131,14,56,310,4,54,353,5
2003,NHL,ATL,WPG,EC,SE,2,,82,33,37,8,4,78,,,214,243,Atlanta Thrashers,1505,32,60,410,7,58,391,11
2003,NHL,BOS,BOS,EC,NE,1,CQF,82,41,19,15,7,104,,,209,188,Boston Bruins,1208,22,48,300,13,55,335,7
2003,NHL,BUF,BUF,EC,NE,5,,82,37,34,7,4,85,,,220,221,Buffalo Sabres,1289,28,58,367,9,53,348,7
2003,NHL,CAL,CAL,WC,NW,3,F,82,42,30,7,3,94,,,200,176,Calgary Flames,1428,42,54,357,2,53,346,11
2003,NHL,CAR,CAR,EC,SE,3,,82,28,34,14,6,76,,,172,209,Carolina Hurricanes,1102,16,41,384,9,66,359,9
2003,NHL,CBS,CBS,WC,CE,4,,82,25,45,8,4,62,,,177,238,Columbus Blue Jackets,1209,22,58,401,14,50,337,5
2003,NHL,CHI,CHI,WC,CE,5,,82,20,43,11,8,59,,,188,259,Chicago Blackhawks,1318,18,55,349,14,63,383,5
2003,NHL,COL,COL,WC,NW,2,CSF,82,40,22,13,7,100,,,236,198,Colorado Avalanche,1293,28,74,363,14,58,357,7
2003,NHL,DAL,DAL,WC,PC,2,CQF,82,41,26,13,2,97,,,194,175,Dallas Stars,1143,20,52,328,11,44,311,5
2003,NHL,DET,DET,WC,CE,1,CSF,82,48,21,11,2,109,,,255,189,Detroit Red Wings,966,22,63,314,5,42,317,15
2003,NHL,EDM,EDM,WC,NW,4,,82,36,29,12,5,89,,,221,208,Edmonton Oilers,1220,22,44,338,8,66,350,13
2003,NHL,FLO,FLO,EC,SE,4,,82,28,35,15,4,75,,,188,221,Florida Panthers,1192,22,52,310,12,51,373,7
2003,NHL,LAK,LAK,WC,PC,3,,82,28,29,16,9,81,,,205,217,Los Angeles Kings,1163,6,50,356,4,65,336,9
2003,NHL,MIN,MIN,WC,NW,5,,82,30,29,20,3,83,,,188,183,Minnesota Wild,1035,44,46,339,7,44,285,7
2003,NHL,MTL,MTL,EC,NE,4,CSF,82,41,30,7,4,93,,,208,192,Montreal Canadiens,1039,16,55,319,6,55,314,5
2003,NHL,NAS,NAS,WC,CE,3,CQF,82,38,29,11,4,91,,,216,217,Nashville Predators,1360,28,72,428,8,64,351,14
2003,NHL,NJD,NJD,EC,AT,2,CQF,82,43,25,12,2,100,,,213,164,New Jersey Devils,894,14,51,312,5,39,266,8
2003,NHL,NYI,NYI,EC,AT,3,CQF,82,38,29,11,4,91,,,237,210,New York Islanders,1168,16,54,325,5,52,359,11
2003,NHL,NYR,NYR,EC,AT,4,,82,27,40,7,8,69,,,206,250,New York Rangers,1459,30,46,322,8,80,388,6
2003,NHL,OTT,OTT,EC,NE,3,CQF,82,43,23,10,6,102,,,262,189,Ottawa Senators,1270,20,80,370,8,57,347,6
2003,NHL,PHI,PHI,EC,AT,1,CF,82,40,21,15,6,101,,,229,186,Philadelphia Flyers,1357,22,65,314,3,58,348,7
2003,NHL,PHO,PHO,WC,PC,5,,82,22,36,18,6,68,,,188,245,Phoenix Coyotes,1300,24,51,358,8,71,398,9
2003,NHL,PIT,PIT,EC,AT,5,,82,23,47,8,4,58,,,190,303,Pittsburgh Penguins,1270,32,65,360,15,84,369,7
2003,NHL,SJS,SJS,WC,PC,1,CF,82,43,21,12,6,104,,,219,183,San Jose Sharks,1091,18,56,337,9,47,319,9
2003,NHL,STL,STL,WC,CE,2,CQF,82,39,30,11,2,91,,,191,198,St. Louis Blues,1274,28,61,341,11,57,369,7
2003,NHL,TBL,TBL,EC,SE,1,SC,82,46,22,8,6,106,,,245,192,Tampa Bay Lightning,985,34,55,339,4,42,278,15
2003,NHL,TOR,TOR,EC,NE,2,CSF,82,45,24,10,3,103,,,242,204,Toronto Maple Leafs,1452,20,75,373,8,64,386,8
2003,NHL,VAN,VAN,WC,NW,1,CQF,82,43,24,10,5,101,,,235,194,Vancouver Canucks,1274,28,56,376,8,50,360,5
2003,NHL,WAS,WAS,EC,SE,5,,82,23,46,10,3,59,,,186,253,Washington Capitals,1282,12,64,334,5,75,401,4
2005,NHL,ANA,ANA,WC,PC,3,CF,82,43,27,,12,98,3,7,254,229,Mighty Ducks of Anaheim,1459,14,87,480,13,84,510,9
2005,NHL,ATL,WPG,EC,SE,3,,82,41,33,,8,90,5,5,281,275,Atlanta Thrashers,1344,26,100,527,10,102,492,13
2005,NHL,BOS,BOS,EC,NE,5,,82,29,37,,16,74,2,8,230,266,Boston Bruins,1174,12,62,418,10,78,479,9
2005,NHL,BUF,BUF,EC,NE,2,CF,82,52,24,,6,110,5,5,281,239,Buffalo Sabres,1164,20,101,477,17,59,439,10
2005,NHL,CAL,CAL,WC,NW,1,CQF,82,46,25,,11,103,2,7,218,200,Calgary Flames,1482,18,87,478,7,80,508,8
2005,NHL,CAR,CAR,EC,SE,1,SC,82,52,22,,8,112,8,2,294,260,Carolina Hurricanes,1125,18,95,531,13,81,445,17
2005,NHL,CBS,CBS,WC,CE,3,,82,35,43,,4,74,8,3,223,279,Columbus Blue Jackets,1416,20,64,451,8,95,523,10
2005,NHL,CHI,CHI,WC,CE,4,,82,26,43,,13,65,2,6,211,285,Chicago Blackhawks,1544,26,51,417,12,88,547,6
2005,NHL,COL,COL,WC,NW,2,CSF,82,43,30,,9,95,3,6,283,257,Colorado Avalanche,1178,26,89,473,12,69,448,11
2005,NHL,DAL,DAL,WC,PC,1,CQF,82,53,23,,6,112,12,1,265,218,Dallas Stars,1496,12,88,498,7,82,504,10
2005,NHL,DET,DET,WC,CE,1,CQF,82,58,16,,8,124,4,3,305,209,Detroit Red Wings,1117,14,102,461,10,67,461,7
2005,NHL,EDM,EDM,WC,NW,3,F,82,41,28,,13,95,7,9,256,251,Edmonton Oilers,1204,22,88,485,5,76,478,15
2005,NHL,FLO,FLO,EC,SE,4,,82,37,34,,11,85,4,5,240,257,Florida Panthers,1279,24,63,411,12,91,514,5
2005,NHL,LAK,LAK,WC,PC,4,,82,42,35,,5,89,6,1,249,270,Los Angeles Kings,1474,34,77,541,12,104,489,15
2005,NHL,MIN,MIN,WC,NW,5,,82,38,36,,8,84,5,3,231,215,Minnesota Wild,1209,20,77,454,7,55,436,11
2005,NHL,MTL,MTL,EC,NE,3,CQF,82,42,31,,9,93,2,3,243,247,Montreal Canadiens,1336,22,89,463,6,91,481,10
2005,NHL,NAS,NAS,WC,CE,2,CQF,82,49,25,,8,106,6,3,259,227,Nashville Predators,1533,16,94,512,13,82,533,12
2005,NHL,NJD,NJD,EC,AT,1,CSF,82,46,27,,9,101,9,4,242,229,New Jersey Devils,948,10,78,441,6,63,349,3
2005,NHL,NYI,NYI,EC,AT,4,,82,36,40,,6,78,9,3,230,278,New York Islanders,1266,18,76,450,15,99,476,5
2005,NHL,NYR,NYR,EC,AT,3,CQF,82,44,26,,12,100,7,4,257,215,New York Rangers,1194,12,83,442,9,79,486,4
2005,NHL,OTT,OTT,EC,NE,1,CSF,82,52,21,,9,113,2,6,314,211,Ottawa Senators,1462,20,102,490,11,73,476,25
2005,NHL,PHI,PHI,EC,AT,2,CQF,82,45,26,,11,101,4,6,267,259,Philadelphia Flyers,1201,14,80,444,6,97,465,19
2005,NHL,PHO,PHO,WC,PC,5,,82,38,39,,5,81,4,3,246,271,Phoenix Coyotes,1511,18,96,541,11,98,513,9
2005,NHL,PIT,PIT,EC,AT,5,,82,22,46,,14,58,1,6,244,316,Pittsburgh Penguins,1559,20,94,495,16,113,533,13
2005,NHL,SJS,SJS,WC,PC,2,CSF,82,44,27,,11,99,1,7,266,242,San Jose Sharks,1058,14,91,500,11,77,399,10
2005,NHL,STL,STL,WC,CE,5,,82,21,46,,15,57,4,8,197,292,St. Louis Blues,1373,18,75,512,8,82,461,6
2005,NHL,TBL,TBL,EC,SE,2,CQF,82,43,33,,6,92,6,4,252,260,Tampa Bay Lightning,959,22,81,485,11,72,391,11
2005,NHL,TOR,TOR,EC,NE,4,,82,41,33,,8,90,3,7,257,270,Toronto Maple Leafs,1398,20,107,501,12,99,496,14
2005,NHL,VAN,VAN,WC,NW,4,,82,42,32,,8,92,4,4,256,255,Vancouver Canucks,1477,12,96,526,10,93,512,6
2005,NHL,WAS,WAS,EC,SE,5,,82,29,41,,12,70,7,6,237,306,Washington Capitals,1499,26,72,490,18,116,550,15
2006,NHL,AND,ANA,WC,PC,1,SC,82,48,20,,14,110,4,10,258,208,Anaheim Ducks,1457,30,89,398,4,61,410,4
2006,NHL,ATL,WPG,EC,SE,1,CQF,82,43,28,,11,97,7,4,246,245,Atlanta Thrashers,1097,26,67,407,10,79,391,9
2006,NHL,BOS,BOS,EC,NE,5,,82,35,41,,6,76,9,4,219,289,Boston Bruins,1256,24,71,412,18,81,442,8
2006,NHL,BUF,BUF,EC,NE,1,CF,82,53,22,,7,113,10,4,308,242,Buffalo Sabres,1200,18,71,407,13,72,386,8
2006,NHL,CAL,CAL,WC,NW,3,CQF,82,43,29,,10,96,3,5,258,226,Calgary Flames,1204,22,73,401,5,81,414,15
2006,NHL,CAR,CAR,EC,SE,3,,82,40,34,,8,88,0,5,241,253,Carolina Hurricanes,1021,14,67,447,8,61,395,12
2006,NHL,CBS,CBS,WC,CE,4,,82,33,42,,7,73,5,5,201,249,Columbus Blue Jackets,1357,20,65,438,10,85,453,6
2006,NHL,CHI,CHI,WC,CE,5,,82,31,42,,9,71,6,7,201,258,Chicago Blackhawks,1332,16,43,364,6,77,443,12
2006,NHL,COL,COL,WC,NW,4,,82,44,31,,7,95,5,4,272,251,Colorado Avalanche,884,20,79,374,9,70,353,7
2006,NHL,DAL,DAL,WC,PC,3,CQF,82,50,25,,7,107,9,4,226,197,Dallas Stars,1133,22,79,427,6,59,377,3
2006,NHL,DET,DET,WC,CE,1,CF,82,50,19,,13,113,2,8,254,199,Detroit Red Wings,982,24,68,401,11,63,408,12
2006,NHL,EDM,EDM,WC,NW,5,,82,32,43,,7,71,3,3,195,248,Edmonton Oilers,1285,22,53,373,4,59,382,6
2006,NHL,FLO,FLO,EC,SE,4,,82,35,31,,16,86,2,8,247,257,Florida Panthers,1181,18,61,337,6,78,443,5
2006,NHL,LAK,LAK,WC,PC,4,,82,27,41,,14,68,4,6,227,283,Los Angeles Kings,1239,24,81,442,6,91,411,6
2006,NHL,MIN,MIN,WC,NW,2,CQF,82,48,26,,8,104,10,7,235,191,Minnesota Wild,862,12,72,380,8,48,342,9
2006,NHL,MTL,MTL,EC,NE,4,,82,42,34,,6,90,6,5,245,256,Montreal Canadiens,1133,14,86,378,6,69,419,17
2006,NHL,NAS,NAS,WC,CE,2,CQF,82,51,23,,8,110,6,5,272,212,Nashville Predators,1179,24,71,408,2,55,390,8
2006,NHL,NJD,NJD,EC,AT,1,CSF,82,49,24,,9,107,10,8,216,201,New Jersey Devils,830,8,65,367,11,40,271,4
2006,NHL,NYI,NYI,EC,AT,4,CQF,82,40,30,,12,92,8,5,248,240,New York Islanders,1062,24,63,348,9,79,433,7
2006,NHL,NYR,NYR,EC,AT,3,CSF,82,42,30,,10,94,9,5,242,216,New York Rangers,1109,22,75,406,6,65,400,11
2006,NHL,OTT,OTT,EC,NE,2,F,82,48,25,,9,105,2,6,288,222,Ottawa Senators,1173,12,72,403,12,61,394,17
2006,NHL,PHI,PHI,EC,AT,5,,82,22,48,,12,56,1,6,214,303,Philadelphia Flyers,1301,16,53,376,14,65,420,15
2006,NHL,PHO,PHO,WC,PC,5,,82,31,46,,5,67,5,2,216,284,Phoenix Coyotes,1445,28,66,400,13,92,425,5
2006,NHL,PIT,PIT,EC,AT,2,CQF,82,47,24,,11,105,10,6,277,246,Pittsburgh Penguins,1249,38,94,463,13,75,419,14
2006,NHL,SJS,SJS,WC,PC,2,CSF,82,51,26,,5,107,2,2,258,199,San Jose Sharks,955,16,92,410,4,55,330,7
2006,NHL,STL,STL,WC,CE,3,,82,34,35,,13,81,6,6,214,254,St. Louis Blues,1223,20,46,381,10,83,414,7
2006,NHL,TBL,TBL,EC,SE,2,CQF,82,44,33,,5,93,10,2,253,261,Tampa Bay Lightning,897,6,69,374,11,66,305,14
2006,NHL,TOR,TOR,EC,NE,3,,82,40,31,,11,91,4,7,258,269,Toronto Maple Leafs,1139,12,71,401,11,90,418,3
2006,NHL,VAN,VAN,WC,NW,1,CSF,82,49,26,,7,105,5,4,222,201,Vancouver Canucks,1206,16,70,407,8,57,436,5
2006,NHL,WAS,WAS,EC,SE,5,,82,28,40,,14,70,1,11,235,286,Washington Capitals,1233,16,67,408,14,82,414,12
2007,NHL,AND,ANA,WC,PC,2,CQF,82,47,27,,8,102,8,7,205,191,Anaheim Ducks,1481,16,60,361,7,69,408,8
2007,NHL,ATL,WPG,EC,SE,4,,82,34,40,,8,76,9,6,216,272,Atlanta Thrashers,1077,20,52,316,10,75,354,13
2007,NHL,BOS,BOS,EC,NE,3,CQF,82,41,29,,12,94,6,7,212,222,Boston Bruins,1069,18,56,319,6,71,332,9
2007,NHL,BUF,BUF,EC,NE,4,,82,39,31,,12,90,4,9,255,242,Buffalo Sabres,1004,14,66,366,8,56,333,9
2007,NHL,CAL,CAL,WC,NW,3,CQF,82,42,30,,10,94,3,3,229,227,Calgary Flames,1342,14,59,352,8,72,388,9
2007,NHL,CAR,CAR,EC,SE,2,,82,43,33,,6,92,2,3,252,249,Carolina Hurricanes,1183,18,79,420,13,75,355,4
2007,NHL,CBS,CBS,WC,CE,4,,82,34,36,,12,80,3,8,193,218,Columbus Blue Jackets,1325,22,53,356,5,63,378,8
2007,NHL,CHI,CHI,WC,CE,3,,82,40,34,,8,88,5,4,239,235,Chicago Blackhawks,1383,12,58,365,6,69,385,17
2007,NHL,COL,COL,WC,NW,2,CSF,82,44,31,,7,95,7,3,231,219,Colorado Avalanche,995,22,49,335,5,56,301,2
2007,NHL,DAL,DAL,WC,PC,3,CF,82,45,30,,7,97,5,3,242,207,Dallas Stars,1178,16,64,354,8,51,354,13
2007,NHL,DET,DET,WC,CE,1,SC,82,54,21,,7,115,5,5,257,184,Detroit Red Wings,937,4,81,391,7,57,357,5
2007,NHL,EDM,EDM,WC,NW,4,,82,41,35,,6,88,15,4,235,251,Edmonton Oilers,1175,26,57,344,10,56,366,7
2007,NHL,FLO,FLO,EC,SE,3,,82,38,35,,9,85,5,6,216,226,Florida Panthers,1026,24,60,313,3,66,374,4
2007,NHL,LAK,LAK,WC,PC,5,,82,32,43,,7,71,5,3,231,266,Los Angeles Kings,954,24,64,366,4,68,309,11
2007,NHL,MIN,MIN,WC,NW,1,CQF,82,44,28,,10,98,3,8,223,218,Minnesota Wild,1098,12,64,338,10,49,330,3
2007,NHL,MTL,MTL,EC,NE,1,CSF,82,47,25,,10,104,5,6,262,222,Montreal Canadiens,1090,18,90,374,3,60,342,8
2007,NHL,NAS,NAS,WC,CE,2,CQF,82,41,32,,9,91,3,5,230,229,Nashville Predators,1027,12,53,358,10,49,335,7
2007,NHL,NJD,NJD,EC,AT,2,CQF,82,46,29,,7,99,8,4,206,197,New Jersey Devils,974,18,50,320,7,54,314,6
2007,NHL,NYI,NYI,EC,AT,5,,82,35,38,,9,79,5,3,194,243,New York Islanders,1041,18,48,330,15,68,375,10
2007,NHL,NYR,NYR,EC,AT,3,CSF,82,42,27,,13,97,8,9,213,199,New York Rangers,1154,12,61,370,6,53,343,4
2007,NHL,OTT,OTT,EC,NE,2,CQF,82,43,31,,8,94,3,5,261,247,Ottawa Senators,1175,22,60,328,6,72,380,18
2007,NHL,PHI,PHI,EC,AT,4,CF,82,42,29,,11,95,3,6,248,233,Philadelphia Flyers,1471,14,84,385,6,65,388,13
2007,NHL,PHO,PHO,WC,PC,4,,82,38,37,,7,83,5,6,214,231,Phoenix Coyotes,1193,18,63,339,12,64,332,11
2007,NHL,PIT,PIT,EC,AT,1,F,82,47,27,,8,102,7,4,247,216,Pittsburgh Penguins,1179,24,77,378,10,68,357,6
2007,NHL,SJS,SJS,WC,PC,1,CSF,82,49,23,,10,108,6,6,222,193,San Jose Sharks,1075,14,70,374,9,44,310,7
2007,NHL,STL,STL,WC,CE,5,,82,33,36,,13,79,3,5,205,237,St. Louis Blues,1153,16,47,334,13,56,359,3
2007,NHL,TBL,TBL,EC,SE,5,,82,31,42,,9,71,2,1,223,267,Tampa Bay Lightning,1038,16,57,296,7,56,312,7
2007,NHL,TOR,TOR,EC,NE,5,,82,36,35,,11,83,3,4,231,260,Toronto Maple Leafs,1087,8,61,343,10,77,352,4
2007,NHL,VAN,VAN,WC,NW,5,,82,39,33,,10,88,6,9,213,215,Vancouver Canucks,1474,16,63,369,7,64,368,8
2007,NHL,WAS,WAS,EC,SE,1,CQF,82,43,31,,8,94,4,4,242,231,Washington Capitals,975,22,65,346,8,68,349,5
2008,NHL,AND,ANA,WC,PC,2,CSF,82,42,33,,7,91,7,3,245,238,Anaheim Ducks,1426,8,73,309,8,78,385,6
2008,NHL,ATL,WPG,EC,SE,4,,82,35,41,,6,76,7,1,257,280,Atlanta Thrashers,1256,12,69,357,10,88,366,13
2008,NHL,BOS,BOS,EC,NE,1,CSF,82,53,19,,10,116,4,6,274,196,Boston Bruins,1028,12,74,313,7,54,306,8
2008,NHL,BUF,BUF,EC,NE,3,,82,41,32,,9,91,8,5,250,234,Buffalo Sabres,1121,16,75,358,5,61,336,7
2008,NHL,CAL,CAL,WC,NW,2,CQF,82,46,30,,6,98,3,2,254,248,Calgary Flames,1299,18,61,358,15,58,349,6
2008,NHL,CAR,CAR,EC,SE,2,CF,82,45,30,,7,97,3,5,239,226,Carolina Hurricanes,802,16,70,374,9,59,301,8
2008,NHL,CBS,CBS,WC,CE,4,CQF,82,41,31,,10,92,6,7,226,230,Columbus Blue Jackets,1227,20,41,322,12,62,346,8
2008,NHL,CHI,CHI,WC,CE,2,CF,82,46,24,,12,104,4,7,264,216,Chicago Blackhawks,1157,28,70,363,6,64,330,10
2008,NHL,COL,COL,WC,NW,5,,82,32,45,,5,69,9,4,199,257,Colorado Avalanche,1062,18,50,318,8,64,318,4
2008,NHL,DAL,DAL,WC,PC,3,,82,36,35,,11,83,6,6,230,257,Dallas Stars,1144,10,54,351,4,70,327,2
2008,NHL,DET,DET,WC,CE,1,F,82,51,21,,10,112,6,4,295,244,Detroit Red Wings,824,14,90,353,4,71,327,6
2008,NHL,EDM,EDM,WC,NW,4,,82,38,35,,9,85,6,4,234,248,Edmonton Oilers,1247,20,60,354,8,76,338,3
2008,NHL,FLO,FLO,EC,SE,3,,82,41,30,,11,93,3,8,234,231,Florida Panthers,900,16,51,308,9,54,311,7
2008,NHL,LAK,LAK,WC,PC,5,,82,34,37,,11,79,5,8,207,234,Los Angeles Kings,1207,16,69,360,8,62,362,4
2008,NHL,MIN,MIN,WC,NW,3,,82,40,33,,9,89,5,3,219,200,Minnesota Wild,889,20,66,328,6,36,291,9
2008,NHL,MTL,MTL,EC,NE,2,CQF,82,41,30,,11,93,7,7,249,247,Montreal Canadiens,1229,6,72,374,11,65,370,10
2008,NHL,NAS,NAS,WC,CE,5,,82,40,34,,8,88,6,5,213,233,Nashville Predators,994,12,50,318,8,59,338,9
2008,NHL,NJD,NJD,EC,AT,1,CQF,82,51,27,,4,106,6,2,244,209,New Jersey Devils,1058,20,58,307,4,65,324,12
2008,NHL,NYI,NYI,EC,AT,5,,82,26,47,,9,61,3,5,201,279,New York Islanders,1216,18,54,320,5,73,361,12
2008,NHL,NYR,NYR,EC,AT,4,CQF,82,43,30,,9,95,10,6,210,218,New York Rangers,1199,24,48,346,14,40,329,9
2008,NHL,OTT,OTT,EC,NE,4,,82,36,35,,11,83,4,6,217,237,Ottawa Senators,1098,14,66,339,5,64,346,8
2008,NHL,PHI,PHI,EC,AT,3,CQF,82,44,27,,11,99,4,6,264,238,Philadelphia Flyers,1434,26,71,316,1,67,393,16
2008,NHL,PHO,PHO,WC,PC,4,,82,36,39,,7,79,3,3,208,252,Phoenix Coyotes,1092,18,50,344,4,68,293,5
2008,NHL,PIT,PIT,EC,AT,2,SC,82,45,28,,9,99,6,6,264,239,Pittsburgh Penguins,1114,8,62,360,13,60,347,7
2008,NHL,SJS,SJS,WC,PC,1,CQF,82,53,18,,11,117,6,5,257,204,San Jose Sharks,1053,16,87,360,11,51,306,12
2008,NHL,STL,STL,WC,CE,3,CQF,82,41,31,,10,92,6,6,233,233,St. Louis Blues,1248,22,72,351,8,58,357,10
2008,NHL,TBL,TBL,EC,SE,5,,82,24,40,,18,66,3,10,210,279,Tampa Bay Lightning,1306,26,61,343,9,89,405,4
2008,NHL,TOR,TOR,EC,NE,5,,82,34,35,,13,81,6,7,250,293,Toronto Maple Leafs,1125,12,62,330,7,78,308,6
2008,NHL,VAN,VAN,WC,NW,1,CSF,82,45,27,,10,100,3,7,246,220,Vancouver Canucks,1351,28,67,357,5,69,371,7
2008,NHL,WAS,WAS,EC,SE,1,CSF,82,50,24,,8,108,4,5,272,245,Washington Capitals,1041,20,85,337,11,75,387,7
2009,NHL,AND,ANA,WC,PC,4,,82,39,32,,11,89,5,8,238,251,Anaheim Ducks,1321,4,63,300,9,67,324,8
2009,NHL,ATL,WPG,EC,SE,2,,82,35,34,,13,83,4,6,234,256,Atlanta Thrashers,1053,8,51,316,4,57,320,9
2009,NHL,BOS,BOS,EC,NE,3,CSF,82,39,30,,13,91,10,9,206,200,Boston Bruins,953,24,44,265,4,37,272,6
2009,NHL,BUF,BUF,EC,NE,1,CQF,82,45,27,,10,100,4,6,235,207,Buffalo Sabres,918,16,55,313,3,38,284,4
2009,NHL,CAL,CAL,WC,NW,3,,82,40,32,,10,90,3,7,204,210,Calgary Flames,1143,14,43,268,2,54,305,8
2009,NHL,CAR,CAR,EC,SE,3,,82,35,37,,10,80,4,5,230,256,Carolina Hurricanes,966,22,56,332,8,62,320,7
2009,NHL,CBS,CBS,WC,CE,5,,82,32,35,,15,79,2,10,216,259,Columbus Blue Jackets,1086,16,56,308,9,61,334,6
2009,NHL,CHI,CHI,WC,CE,1,SC,82,52,22,,8,112,9,6,271,209,Chicago Blackhawks,924,16,52,294,4,39,265,13
2009,NHL,COL,COL,WC,NW,2,CQF,82,43,30,,9,95,7,5,244,233,Colorado Avalanche,1027,26,56,310,9,60,303,8
2009,NHL,DAL,DAL,WC,PC,5,,82,37,31,,14,88,7,10,237,254,Dallas Stars,963,8,61,328,8,65,288,9
2009,NHL,DET,DET,WC,CE,2,CSF,82,44,24,,14,102,6,9,229,216,Detroit Red Wings,723,16,59,307,1,43,267,8
2009,NHL,EDM,EDM,WC,NW,5,,82,27,47,,8,62,8,6,214,284,Edmonton Oilers,1133,18,52,301,5,67,305,6
2009,NHL,FLO,FLO,EC,SE,5,,82,32,37,,13,77,6,10,208,244,Florida Panthers,977,16,44,309,8,59,287,7
2009,NHL,LAK,LAK,WC,PC,3,CQF,82,46,27,,9,101,10,8,241,219,Los Angeles Kings,979,16,64,307,6,60,304,4
2009,NHL,MIN,MIN,WC,NW,4,,82,38,36,,8,84,5,7,219,246,Minnesota Wild,924,10,59,309,13,53,306,4
2009,NHL,MTL,MTL,EC,NE,4,CF,82,39,33,,10,88,7,5,217,223,Montreal Canadiens,936,16,57,261,8,53,311,4
2009,NHL,NAS,NAS,WC,CE,3,CQF,82,47,29,,6,100,8,4,225,225,Nashville Predators,710,12,47,286,6,59,258,5
2009,NHL,NJD,NJD,EC,AT,1,CQF,82,48,27,,7,103,6,5,222,191,New Jersey Devils,859,16,51,273,5,41,239,7
2009,NHL,NYI,NYI,EC,AT,5,,82,34,37,,11,79,8,6,222,264,New York Islanders,950,22,49,306,3,71,300,7
2009,NHL,NYR,NYR,EC,AT,4,,82,38,33,,11,87,3,4,222,218,New York Rangers,1159,22,55,301,7,50,318,5
2009,NHL,OTT,OTT,EC,NE,2,CQF,82,44,32,,6,94,5,5,225,238,Ottawa Senators,1141,26,49,290,4,50,318,6
2009,NHL,PHI,PHI,EC,AT,3,F,82,41,35,,6,88,4,3,236,225,Philadelphia Flyers,1362,12,68,317,8,57,335,6
2009,NHL,PHO,PHO,WC,PC,2,CQF,82,50,25,,7,107,14,6,225,202,Phoenix Coyotes,925,20,46,314,7,49,317,3
2009,NHL,PIT,PIT,EC,AT,2,CSF,82,47,28,,7,101,8,2,257,237,Pittsburgh Penguins,1195,12,56,326,8,52,327,7
2009,NHL,SJS,SJS,WC,PC,1,CF,82,51,20,,11,113,7,6,264,215,San Jose Sharks,1155,18,65,309,9,49,327,8
2009,NHL,STL,STL,WC,CE,4,,82,40,32,,10,90,7,5,225,223,St. Louis Blues,1318,22,52,307,6,45,342,7
2009,NHL,TBL,TBL,EC,SE,4,,82,34,36,,12,80,4,7,217,260,Tampa Bay Lightning,1377,20,63,326,6,67,336,2
2009,NHL,TOR,TOR,EC,NE,5,,82,30,38,,14,74,4,4,214,267,Toronto Maple Leafs,1091,20,44,315,7,73,288,4
2009,NHL,VAN,VAN,WC,NW,1,CSF,82,49,28,,5,103,4,4,272,222,Vancouver Canucks,1269,8,68,325,6,59,320,9
2009,NHL,WAS,WAS,EC,SE,1,CQF,82,54,15,,13,121,5,6,318,233,Washington Capitals,940,20,79,313,8,67,316,4
2010,NHL,AND,ANA,WC,PC,2,CQF,82,47,30,,5,99,4,2,239,235,Anaheim Ducks,1178,20,67,285,7,57,305,7
2010,NHL,ATL,WPG,EC,SE,4,,82,34,36,,12,80,5,7,223,269,Atlanta Thrashers,930,22,53,289,10,64,285,6
2010,NHL,BOS,BOS,EC,NE,1,SC,82,46,25,,11,103,2,6,246,195,Boston Bruins,1115,10,43,265,5,46,265,11
2010,NHL,BUF,BUF,EC,NE,3,CQF,82,43,29,,10,96,5,1,245,229,Buffalo Sabres,958,16,54,279,13,51,300,2
2010,NHL,CAL,CAL,WC,NW,2,,82,41,29,,12,94,9,7,250,237,Calgary Flames,836,18,62,318,9,53,282,7
2010,NHL,CAR,CAR,EC,SE,3,,82,40,31,,11,91,5,5,236,239,Carolina Hurricanes,835,14,55,346,6,51,272,7
2010,NHL,CBS,CBS,WC,CE,5,,82,34,35,,13,81,5,8,215,258,Columbus Blue Jackets,1113,14,42,301,11,62,314,6
2010,NHL,CHI,CHI,WC,CE,3,CQF,82,44,29,,9,97,6,5,258,225,Chicago Blackhawks,742,22,64,277,4,53,255,6
2010,NHL,COL,COL,WC,NW,4,,82,30,44,,8,68,6,1,227,288,Colorado Avalanche,1077,22,49,265,11,75,314,8
2010,NHL,DAL,DAL,WC,PC,5,,82,42,29,,11,95,5,7,227,233,Dallas Stars,1066,14,55,306,15,55,277,10
2010,NHL,DET,DET,WC,CE,1,CSF,82,47,25,,10,104,4,4,261,241,Detroit Red Wings,754,6,67,301,7,53,300,5
2010,NHL,EDM,EDM,WC,NW,5,,82,25,45,,12,62,2,9,193,269,Edmonton Oilers,1270,20,44,304,2,74,321,8
2010,NHL,FLO,FLO,EC,SE,5,,82,30,40,,12,72,4,7,195,229,Florida Panthers,716,22,35,267,5,41,267,4
2010,NHL,LAK,LAK,WC,PC,4,CQF,82,46,30,,6,98,10,2,219,198,Los Angeles Kings,962,24,47,292,6,40,276,4
2010,NHL,MIN,MIN,WC,NW,3,,82,39,35,,8,86,3,5,206,233,Minnesota Wild,983,14,53,292,7,53,308,7
2010,NHL,MTL,MTL,EC,NE,2,CQF,82,44,30,,8,96,3,3,216,209,Montreal Canadiens,1097,28,57,290,6,51,327,5
2010,NHL,NAS,NAS,WC,CE,2,CSF,82,44,27,,11,99,6,4,219,194,Nashville Predators,720,26,41,269,2,41,272,5
2010,NHL,NJD,NJD,EC,AT,4,,82,38,39,,5,81,3,2,174,209,New Jersey Devils,765,18,34,237,8,40,241,3
2010,NHL,NYI,NYI,EC,AT,5,,82,30,39,,13,73,4,6,229,264,New York Islanders,1515,26,52,302,7,52,310,15
2010,NHL,NYR,NYR,EC,AT,3,CQF,82,44,33,,5,93,9,3,233,198,New York Rangers,1074,14,49,290,5,42,257,11
2010,NHL,OTT,OTT,EC,NE,5,,82,32,40,,10,74,2,5,192,250,Ottawa Senators,1149,6,45,257,4,48,294,6
2010,NHL,PHI,PHI,EC,AT,1,CSF,82,47,23,,12,106,3,7,259,223,Philadelphia Flyers,1119,8,49,295,5,54,313,13
2010,NHL,PHO,PHO,WC,PC,3,CQF,82,43,26,,13,99,5,6,231,226,Phoenix Coyotes,863,12,46,289,6,64,296,5
2010,NHL,PIT,PIT,EC,AT,2,CQF,82,49,25,,8,106,10,3,238,199,Pittsburgh Penguins,1388,16,49,311,6,45,324,13
2010,NHL,SJS,SJS,WC,PC,1,CF,82,48,25,,9,105,5,5,248,213,San Jose Sharks,931,10,68,289,7,56,274,6
2010,NHL,STL,STL,WC,CE,4,,82,38,33,,11,87,4,6,240,234,St. Louis Blues,1225,16,52,279,1,51,279,7
2010,NHL,TBL,TBL,EC,SE,2,CF,82,46,25,,11,103,6,6,247,240,Tampa Bay Lightning,905,24,69,336,16,49,302,1
2010,NHL,TOR,TOR,EC,NE,4,,82,37,34,,11,85,5,6,218,251,Toronto Maple Leafs,985,18,52,326,8,62,275,5
2010,NHL,VAN,VAN,WC,NW,1,F,82,54,19,,9,117,4,5,262,185,Vancouver Canucks,943,10,72,296,2,45,312,6
2010,NHL,WAS,WAS,EC,SE,1,CSF,82,48,23,,11,107,5,6,224,197,Washington Capitals,926,20,46,263,5,43,299,7
2011,NHL,AND,ANA,WC,PC,5,,82,34,36,,12,80,3,7,204,231,Anaheim Ducks,980,18,45,271,5,51,283,4
2011,NHL,BOS,BOS,EC,NE,1,CQF,82,49,29,,4,102,9,3,269,202,Boston Bruins,1101,8,43,250,1,43,260,8
2011,NHL,BUF,BUF,EC,NE,3,,82,39,32,,11,89,7,7,218,230,Buffalo Sabres,904,18,44,258,7,47,257,5
2011,NHL,CAL,CAL,WC,NW,2,,82,37,29,,16,90,3,9,202,226,Calgary Flames,885,20,46,260,6,42,268,3
2011,NHL,CAR,CAR,EC,SE,5,,82,33,33,,16,82,1,6,213,243,Carolina Hurricanes,763,12,49,294,4,49,252,12
2011,NHL,CBS,CBS,WC,CE,5,,82,29,46,,7,65,4,5,202,262,Columbus Blue Jackets,1037,16,49,317,8,64,274,7
2011,NHL,CHI,CHI,WC,CE,4,CQF,82,45,26,,11,101,7,7,248,238,Chicago Blackhawks,848,20,42,277,3,51,233,7
2011,NHL,COL,COL,WC,NW,3,,82,41,35,,6,88,9,2,208,220,Colorado Avalanche,902,12,41,223,4,47,277,5
2011,NHL,DAL,DAL,WC,PC,4,,82,42,35,,5,89,7,4,211,222,Dallas Stars,1032,24,33,244,3,52,303,5
2011,NHL,DET,DET,WC,CE,3,CQF,82,48,28,,6,102,9,3,248,203,Detroit Red Wings,699,24,48,298,11,50,274,2
2011,NHL,EDM,EDM,WC,NW,5,,82,32,40,,10,74,5,7,212,239,Edmonton Oilers,942,20,54,262,8,52,296,5
2011,NHL,FLO,FLO,EC,SE,1,CQF,82,38,26,,18,94,6,11,203,227,Florida Panthers,792,30,53,286,6,49,239,4
2011,NHL,LAK,LAK,WC,PC,3,SC,82,40,27,,15,95,6,9,194,179,Los Angeles Kings,923,6,49,289,2,38,293,9
2011,NHL,MIN,MIN,WC,NW,4,,82,35,36,,11,81,11,9,177,226,Minnesota Wild,994,16,39,258,4,51,285,5
2011,NHL,MTL,MTL,EC,NE,5,,82,31,35,,16,78,5,12,212,226,Montreal Canadiens,954,20,43,301,8,36,315,10
2011,NHL,NAS,NAS,WC,CE,2,CSF,82,48,26,,8,104,5,5,237,210,Nashville Predators,689,12,54,250,4,40,244,5
2011,NHL,NJD,NJD,EC,AT,4,F,82,48,28,,6,102,12,4,228,209,New Jersey Devils,944,20,46,267,13,27,259,15
2011,NHL,NYI,NYI,EC,AT,5,,82,34,37,,11,79,7,4,203,255,New York Islanders,763,8,45,243,5,46,236,4
2011,NHL,NYR,NYR,EC,AT,1,CF,82,51,24,,7,109,4,5,226,187,New York Rangers,1059,14,44,280,4,36,260,8
2011,NHL,OTT,OTT,EC,NE,2,CQF,82,41,31,,10,92,6,4,249,240,Ottawa Senators,1145,24,49,270,7,57,310,9
2011,NHL,PHI,PHI,EC,AT,3,CSF,82,47,26,,9,103,4,7,264,232,Philadelphia Flyers,1318,18,66,335,9,58,319,6
2011,NHL,PHO,PHO,WC,PC,1,CF,82,42,27,,13,97,6,10,216,204,Phoenix Coyotes,757,18,34,251,6,36,249,6
2011,NHL,PIT,PIT,EC,AT,2,CQF,82,51,25,,6,108,9,3,282,221,Pittsburgh Penguins,880,12,57,289,10,33,270,11
2011,NHL,SJS,SJS,WC,PC,2,CQF,82,43,29,,10,96,9,5,228,210,San Jose Sharks,785,18,57,270,4,52,225,3
2011,NHL,STL,STL,WC,CE,1,CSF,82,49,22,,11,109,4,10,210,165,St. Louis Blues,1062,16,45,270,3,40,282,7
2011,NHL,TBL,TBL,EC,SE,3,,82,38,36,,8,84,3,3,235,281,Tampa Bay Lightning,865,16,41,269,12,59,284,2
2011,NHL,TOR,TOR,EC,NE,4,,82,35,37,,10,80,4,5,231,264,Toronto Maple Leafs,824,16,49,267,6,55,242,5
2011,NHL,VAN,VAN,WC,NW,1,CQF,82,51,22,,9,111,8,7,249,198,Vancouver Canucks,1049,10,57,288,4,40,286,7
2011,NHL,WAS,WAS,EC,SE,2,CSF,82,42,32,,8,92,4,4,222,230,Washington Capitals,767,16,41,245,10,49,266,3
2011,NHL,WPG,WPG,EC,SE,4,,82,37,35,,10,84,4,4,225,246,Winnipeg Jets,905,4,45,251,8,58,292,3
